inicio	fin	texto
0.820	2.600	Como humanos tendemos a desear
3.800	6.840	y ese deseo es como si fuera un combustible.
8.240	10.960	Nos mueve, nos ayuda a imaginar,
11.320	13.700	a buscar, a querer llegar a algo.
15.480	17.240	Pensemos en un paquete,
18.860	20.300	ya lo tenemos en nuestras manos,
21.620	24.320	justo antes de abrirlo. Ese momento.
26.260	30.180	Ahí, todavía cabe todo lo que esperas,
30.480	32.619	todo lo que pienses que vas a obtener de él.
34.280	37.760	Pero una vez que lo tienes, al consumarlo,
38.760	41.820	a veces el deseo ya está buscando otro huésped.
44.240	46.270	Podríamos argumentar que este equilibrio
47.020	50.300	se va a obtener una vez que reconocemos los impulsos
51.020	54.820	y escogemos qué deseos o ilusiones podemos alimentar.
56.220	57.840	Dándole tiempo a la satisfacción,
58.820	60.710	pudiendo disfrutar lo que sí nos sostiene,
61.500	63.760	sin resignarnos a lo que nos lastima o nos falta.
64.819	66.140	Porque tenemos que ser honestos,
66.880	70.740	hay condiciones materiales, sí, limitantes,
71.560	74.040	no todo lo podemos resolver desde lo individual.
75.240	77.400	Por eso necesitamos formar comunidades,
78.200	79.990	una malla entretejida que nos sostenga
80.300	83.680	y que también podamos sostener, según nuestras posibilidades.
85.060	85.820	Algo simbiótico,
86.780	91.280	cuidarnos, permite cuidar y ser cuidados nos ayuda a estar bien,
92.140	94.620	aunque también hay que escuchar a quien está cargando de más.
96.040	96.640	No hay garantías,
97.780	102.280	podemos comenzar en casa, en clase, en el espacio que permite el trabajo,
103.740	108.340	reconocer el bienestar de nuestros vínculos, pero también poder cuestionarlos,
109.660	113.400	Intentar, sentir, debatir y corregir juntos,
114.560	119.100	no viéndolo como vergüenza, sino como una parte fundamental del proceso
120.240	124.020	y que esa corrección cambie algo en cómo nos cuidamos.
125.400	126.930	El equilibrio se va haciendo
127.660	129.440	en la medida de lo posible.
